model,params,fold,pixel_f1,polygon_f1,fit_s
rf,"(None, 1)",0,0.4392607392607393,0.4392607392607393,1.5
rf,"(None, 1)",1,0.47446514837819187,0.47446514837819187,1.2
rf,"(None, 1)",2,0.4728070175438597,0.4728070175438597,1.4
rf,"(None, 1)",3,0.37643020594965676,0.37643020594965676,1.3
rf,"(None, 2)",0,0.41040090513774724,0.41040090513774724,1.3
rf,"(None, 2)",1,0.4744563428773955,0.4744563428773955,1.3
rf,"(None, 2)",2,0.47002923976608185,0.47002923976608185,1.5
rf,"(None, 2)",3,0.37643020594965676,0.37643020594965676,1.8
rf,"(25, 1)",0,0.4392607392607393,0.4392607392607393,1.7
rf,"(25, 1)",1,0.47446514837819187,0.47446514837819187,1.9
rf,"(25, 1)",2,0.4728070175438597,0.4728070175438597,1.2
rf,"(25, 1)",3,0.37643020594965676,0.37643020594965676,1.2
rf,"(25, 2)",0,0.41040090513774724,0.41040090513774724,1.2
rf,"(25, 2)",1,0.4744563428773955,0.4744563428773955,1.2
rf,"(25, 2)",2,0.47002923976608185,0.47002923976608185,1.2
rf,"(25, 2)",3,0.37643020594965676,0.37643020594965676,1.2
et,"(None, 1)",0,0.4480484427852849,0.4480484427852849,1.0
et,"(None, 1)",1,0.4374762113892549,0.4374762113892549,1.1
et,"(None, 1)",2,0.5313669199737312,0.5313669199737312,0.9
et,"(None, 1)",3,0.35909090909090907,0.35909090909090907,0.9
et,"(None, 2)",0,0.46216450216450217,0.46216450216450217,0.9
et,"(None, 2)",1,0.41000585565802955,0.41000585565802955,0.9
et,"(None, 2)",2,0.49682919419761523,0.49682919419761523,0.8
et,"(None, 2)",3,0.37309687261632335,0.37309687261632335,0.9
et,"(25, 1)",0,0.4480484427852849,0.4480484427852849,0.9
et,"(25, 1)",1,0.4374762113892549,0.4374762113892549,0.9
et,"(25, 1)",2,0.5313669199737312,0.5313669199737312,1.0
et,"(25, 1)",3,0.35909090909090907,0.35909090909090907,0.9
et,"(25, 2)",0,0.46216450216450217,0.46216450216450217,0.9
et,"(25, 2)",1,0.41000585565802955,0.41000585565802955,0.9
et,"(25, 2)",2,0.49682919419761523,0.49682919419761523,0.8
et,"(25, 2)",3,0.37309687261632335,0.37309687261632335,0.9
lgbm,"(0.05, 31)",0,0.4392292490118577,0.4392292490118577,2.2
lgbm,"(0.05, 31)",1,0.3554093567251462,0.3554093567251462,1.7
lgbm,"(0.05, 31)",2,0.49851237214947003,0.49851237214947003,1.4
lgbm,"(0.05, 31)",3,0.3950611376927166,0.3950611376927166,1.3
lgbm,"(0.05, 63)",0,0.4392292490118577,0.4392292490118577,1.5
lgbm,"(0.05, 63)",1,0.3554093567251462,0.3554093567251462,2.1
lgbm,"(0.05, 63)",2,0.49851237214947003,0.49851237214947003,1.5
lgbm,"(0.05, 63)",3,0.3950611376927166,0.3950611376927166,1.6
lgbm,"(0.1, 31)",0,0.4437958124793499,0.4437958124793499,1.1
lgbm,"(0.1, 31)",1,0.37597697948575143,0.37597697948575143,0.9
lgbm,"(0.1, 31)",2,0.44461988304093564,0.44461988304093564,1.0
lgbm,"(0.1, 31)",3,0.39385529039991285,0.39385529039991285,1.0
lgbm,"(0.1, 63)",0,0.4437958124793499,0.4437958124793499,0.9
lgbm,"(0.1, 63)",1,0.37597697948575143,0.37597697948575143,1.1
lgbm,"(0.1, 63)",2,0.44461988304093564,0.44461988304093564,0.9
lgbm,"(0.1, 63)",3,0.39385529039991285,0.39385529039991285,0.9
svm,{'C': 1},0,0.40980703392468093,0.40980703392468093,0.0
svm,{'C': 1},1,0.4709513610122129,0.4709513610122129,0.0
svm,{'C': 1},2,0.4246913580246913,0.4246913580246913,0.0
svm,{'C': 1},3,0.37658615136876006,0.37658615136876006,0.0
svm,{'C': 10},0,0.4318899099600854,0.4318899099600854,0.0
svm,{'C': 10},1,0.3846773201571963,0.3846773201571963,0.0
svm,{'C': 10},2,0.402422723475355,0.402422723475355,0.0
svm,{'C': 10},3,0.4249194847020934,0.4249194847020934,0.0
logreg,{'C': 0.5},0,0.4262929061784897,0.4262929061784897,0.1
logreg,{'C': 0.5},1,0.42591886318049554,0.42591886318049554,0.0
logreg,{'C': 0.5},2,0.4028802962441406,0.4028802962441406,0.0
logreg,{'C': 0.5},3,0.41917871602082135,0.41917871602082135,0.1
logreg,{'C': 2.0},0,0.4472222222222222,0.4472222222222222,0.0
logreg,{'C': 2.0},1,0.42591886318049554,0.42591886318049554,0.0
logreg,{'C': 2.0},2,0.4028802962441406,0.4028802962441406,0.0
logreg,{'C': 2.0},3,0.42498704998705,0.42498704998705,0.0
