fid,class_id,class_name,n_sebelum,n_sesudah,terkena_cap
0,1,Sawah,231,231,False
20,1,Sawah,282,282,False
45,1,Sawah,625,500,True
48,1,Sawah,590,500,True
50,1,Sawah,11962,500,True
66,1,Sawah,138,138,False
68,1,Sawah,244,244,False
72,1,Sawah,168,168,False
81,1,Sawah,913,500,True
90,1,Sawah,20,20,False
99,1,Sawah,103,103,False
100,1,Sawah,42,42,False
108,1,Sawah,2636,500,True
109,1,Sawah,107,107,False
111,1,Sawah,8871,500,True
113,1,Sawah,13274,500,True
128,1,Sawah,543,500,True
139,1,Sawah,13280,500,True
154,1,Sawah,2253,500,True
160,1,Sawah,572,500,True
176,1,Sawah,230,230,False
180,1,Sawah,13136,500,True
183,1,Sawah,76,76,False
189,1,Sawah,866,500,True
190,1,Sawah,1190,500,True
206,1,Sawah,44,44,False
219,1,Sawah,465,465,False
220,1,Sawah,80,80,False
224,1,Sawah,599,500,True
233,1,Sawah,129,129,False
264,1,Sawah,18,18,False
280,1,Sawah,608,500,True
284,1,Sawah,1517,500,True
291,1,Sawah,553,500,True
305,1,Sawah,284,284,False
310,1,Sawah,1501,500,True
328,1,Sawah,33,33,False
344,1,Sawah,75,75,False
345,1,Sawah,4579,500,True
348,1,Sawah,1173,500,True
366,1,Sawah,397,397,False
367,1,Sawah,40,40,False
376,1,Sawah,115,115,False
392,1,Sawah,1218,500,True
393,1,Sawah,95,95,False
405,1,Sawah,317,317,False
453,1,Sawah,174,174,False
457,1,Sawah,398,398,False
469,1,Sawah,68,68,False
479,1,Sawah,108,108,False
513,2,Bangunan / Permukiman,368,368,False
517,2,Bangunan / Permukiman,15,15,False
519,2,Bangunan / Permukiman,603,500,True
530,2,Bangunan / Permukiman,4025,500,True
532,2,Bangunan / Permukiman,220,220,False
536,2,Bangunan / Permukiman,21,21,False
537,2,Bangunan / Permukiman,59,59,False
544,2,Bangunan / Permukiman,78,78,False
546,2,Bangunan / Permukiman,669,500,True
556,2,Bangunan / Permukiman,5120,500,True
565,2,Bangunan / Permukiman,92,92,False
587,2,Bangunan / Permukiman,17,17,False
619,2,Bangunan / Permukiman,109,109,False
633,2,Bangunan / Permukiman,12,12,False
634,2,Bangunan / Permukiman,17,17,False
635,2,Bangunan / Permukiman,1219,500,True
659,2,Bangunan / Permukiman,57,57,False
669,2,Bangunan / Permukiman,98,98,False
685,2,Bangunan / Permukiman,30,30,False
698,2,Bangunan / Permukiman,68,68,False
713,2,Bangunan / Permukiman,135,135,False
715,2,Bangunan / Permukiman,39,39,False
725,2,Bangunan / Permukiman,112,112,False
728,2,Bangunan / Permukiman,521,500,True
739,2,Bangunan / Permukiman,243,243,False
745,2,Bangunan / Permukiman,75,75,False
760,2,Bangunan / Permukiman,203,203,False
770,2,Bangunan / Permukiman,326,326,False
774,2,Bangunan / Permukiman,311,311,False
777,2,Bangunan / Permukiman,130,130,False
789,2,Bangunan / Permukiman,15,15,False
806,2,Bangunan / Permukiman,25,25,False
815,2,Bangunan / Permukiman,182,182,False
821,2,Bangunan / Permukiman,7,7,False
828,2,Bangunan / Permukiman,524,500,True
843,2,Bangunan / Permukiman,2161,500,True
847,2,Bangunan / Permukiman,196,196,False
855,2,Bangunan / Permukiman,757,500,True
859,2,Bangunan / Permukiman,706,500,True
860,2,Bangunan / Permukiman,856,500,True
867,2,Bangunan / Permukiman,43,43,False
883,2,Bangunan / Permukiman,310,310,False
888,2,Bangunan / Permukiman,87,87,False
901,2,Bangunan / Permukiman,48,48,False
915,2,Bangunan / Permukiman,708,500,True
929,2,Bangunan / Permukiman,18,18,False
930,2,Bangunan / Permukiman,25,25,False
948,2,Bangunan / Permukiman,40,40,False
964,2,Bangunan / Permukiman,23,23,False
984,2,Bangunan / Permukiman,167,167,False
1001,3,Mangrove,2,2,False
1015,3,Mangrove,154,154,False
1016,3,Mangrove,116,116,False
1035,3,Mangrove,380,380,False
1037,3,Mangrove,52,52,False
1039,3,Mangrove,65,65,False
1042,3,Mangrove,2,2,False
1047,3,Mangrove,468,468,False
1057,3,Mangrove,151,151,False
1061,3,Mangrove,251,251,False
1083,3,Mangrove,4,4,False
1099,3,Mangrove,12243,500,True
1112,3,Mangrove,33,33,False
1118,3,Mangrove,1456,500,True
1122,3,Mangrove,28,28,False
1123,3,Mangrove,54,54,False
1135,3,Mangrove,26,26,False
1144,3,Mangrove,14,14,False
1146,3,Mangrove,347,347,False
1147,3,Mangrove,1,1,False
1172,3,Mangrove,321,321,False
1173,3,Mangrove,473,473,False
1186,3,Mangrove,15,15,False
1189,3,Mangrove,331,331,False
1191,3,Mangrove,63,63,False
1194,3,Mangrove,1230,500,True
1200,3,Mangrove,57,57,False
1228,3,Mangrove,3,3,False
1232,3,Mangrove,788,500,True
1238,3,Mangrove,165,165,False
1263,3,Mangrove,2,2,False
1265,3,Mangrove,1,1,False
1270,3,Mangrove,66,66,False
1271,3,Mangrove,1,1,False
1274,3,Mangrove,19,19,False
1307,3,Mangrove,3,3,False
1349,3,Mangrove,215,215,False
1358,3,Mangrove,1853,500,True
1361,3,Mangrove,78,78,False
1368,3,Mangrove,2493,500,True
1369,3,Mangrove,22,22,False
1370,3,Mangrove,190,190,False
1387,3,Mangrove,2736,500,True
1409,3,Mangrove,6,6,False
1411,3,Mangrove,8210,500,True
1440,3,Mangrove,20,20,False
1466,3,Mangrove,49,49,False
1478,3,Mangrove,110,110,False
1491,3,Mangrove,21,21,False
1499,3,Mangrove,332,332,False
1500,4,Lahan hijau,38,38,False
1517,4,Lahan hijau,248,248,False
1524,4,Lahan hijau,204,204,False
1532,4,Lahan hijau,418,418,False
1554,4,Lahan hijau,598,500,True
1559,4,Lahan hijau,670,500,True
1560,4,Lahan hijau,8201,500,True
1566,4,Lahan hijau,444,444,False
1578,4,Lahan hijau,3779,500,True
1591,4,Lahan hijau,294,294,False
1619,4,Lahan hijau,1059,500,True
1623,4,Lahan hijau,172,172,False
1641,4,Lahan hijau,7459,500,True
1668,4,Lahan hijau,67,67,False
1674,4,Lahan hijau,373,373,False
1677,4,Lahan hijau,55,55,False
1679,4,Lahan hijau,2097,500,True
1683,4,Lahan hijau,517,500,True
1684,4,Lahan hijau,180,180,False
1688,4,Lahan hijau,761,500,True
1689,4,Lahan hijau,142,142,False
1699,4,Lahan hijau,15,15,False
1733,4,Lahan hijau,29,29,False
1734,4,Lahan hijau,10824,500,True
1736,4,Lahan hijau,109,109,False
1744,4,Lahan hijau,17,17,False
1750,4,Lahan hijau,1735,500,True
1760,4,Lahan hijau,1,1,False
1766,4,Lahan hijau,98,98,False
1782,4,Lahan hijau,424,424,False
1795,4,Lahan hijau,2036,500,True
1824,4,Lahan hijau,22,22,False
1836,4,Lahan hijau,108,108,False
1845,4,Lahan hijau,23,23,False
1847,4,Lahan hijau,128,128,False
1864,4,Lahan hijau,48,48,False
1869,4,Lahan hijau,104194,500,True
1873,4,Lahan hijau,71,71,False
1887,4,Lahan hijau,2,2,False
1889,4,Lahan hijau,1564,500,True
1893,4,Lahan hijau,1589,500,True
1911,4,Lahan hijau,92,92,False
1917,4,Lahan hijau,7,7,False
1918,4,Lahan hijau,151,151,False
1954,4,Lahan hijau,848,500,True
1964,4,Lahan hijau,130,130,False
1968,4,Lahan hijau,59,59,False
1972,4,Lahan hijau,5,5,False
1989,4,Lahan hijau,7,7,False
1991,4,Lahan hijau,177,177,False
2025,5,Laut,31663,500,True
2044,5,Laut,50,50,False
2053,5,Laut,8655,500,True
2263,5,Laut,146,146,False
2265,5,Laut,379,379,False
2266,5,Laut,5250,500,True
2561,6,Danau,50,50,False
2567,6,Danau,2,2,False
2571,6,Danau,1,1,False
2578,6,Danau,78,78,False
2586,6,Danau,44,44,False
2591,6,Danau,549,500,True
2606,6,Danau,211,211,False
2616,6,Danau,144,144,False
2621,6,Danau,121,121,False
2627,6,Danau,98,98,False
2630,6,Danau,92,92,False
2634,6,Danau,77,77,False
2636,6,Danau,75,75,False
2640,6,Danau,60,60,False
2645,6,Danau,53,53,False
2647,6,Danau,46,46,False
2654,6,Danau,35,35,False
2656,6,Danau,30,30,False
2658,6,Danau,29,29,False
2659,6,Danau,29,29,False
2662,6,Danau,19,19,False
2665,6,Danau,22,22,False
2670,6,Danau,17,17,False
2672,6,Danau,18,18,False
2678,6,Danau,15,15,False
2688,6,Danau,6,6,False
2689,6,Danau,6,6,False
2697,6,Danau,5,5,False
2699,6,Danau,4,4,False
2702,6,Danau,3,3,False
2710,6,Danau,1,1,False
2715,6,Danau,1,1,False
2728,6,Danau,296,296,False
2734,6,Danau,169,169,False
2737,6,Danau,115,115,False
2743,6,Danau,83,83,False
2746,6,Danau,74,74,False
2747,6,Danau,68,68,False
2751,6,Danau,40,40,False
2754,6,Danau,35,35,False
2758,6,Danau,19,19,False
2760,6,Danau,23,23,False
2766,6,Danau,12,12,False
2767,6,Danau,13,13,False
2771,6,Danau,6,6,False
2773,6,Danau,6,6,False
2776,6,Danau,5,5,False
2778,6,Danau,4,4,False
2785,6,Danau,1,1,False
2790,6,Danau,1,1,False
