fid,class_id,class_name,split
698,2,Bangunan / Permukiman,train
821,2,Bangunan / Permukiman,train
328,1,Sawah,train
1887,4,Lahan hijau,train
635,2,Bangunan / Permukiman,train
284,1,Sawah,train
224,1,Sawah,train
108,1,Sawah,train
1847,4,Lahan hijau,train
855,2,Bangunan / Permukiman,train
536,2,Bangunan / Permukiman,train
2616,6,Danau,train
883,2,Bangunan / Permukiman,train
2656,6,Danau,train
1440,3,Mangrove,train
2670,6,Danau,train
1554,4,Lahan hijau,train
1144,3,Mangrove,train
685,2,Bangunan / Permukiman,train
867,2,Bangunan / Permukiman,train
280,1,Sawah,train
1466,3,Mangrove,train
48,1,Sawah,train
1524,4,Lahan hijau,train
774,2,Bangunan / Permukiman,train
1674,4,Lahan hijau,train
344,1,Sawah,train
669,2,Bangunan / Permukiman,train
100,1,Sawah,train
2785,6,Danau,train
1200,3,Mangrove,train
2621,6,Danau,train
1387,3,Mangrove,train
1194,3,Mangrove,train
457,1,Sawah,train
376,1,Sawah,train
1123,3,Mangrove,train
777,2,Bangunan / Permukiman,train
1750,4,Lahan hijau,train
2044,5,Laut,train
2662,6,Danau,train
1733,4,Lahan hijau,train
1500,4,Lahan hijau,train
2737,6,Danau,train
160,1,Sawah,train
1864,4,Lahan hijau,train
815,2,Bangunan / Permukiman,train
556,2,Bangunan / Permukiman,train
1135,3,Mangrove,train
1689,4,Lahan hijau,train
1349,3,Mangrove,train
915,2,Bangunan / Permukiman,train
1683,4,Lahan hijau,train
1112,3,Mangrove,train
964,2,Bangunan / Permukiman,train
1517,4,Lahan hijau,train
517,2,Bangunan / Permukiman,train
770,2,Bangunan / Permukiman,train
760,2,Bangunan / Permukiman,train
1578,4,Lahan hijau,train
1795,4,Lahan hijau,train
847,2,Bangunan / Permukiman,train
1409,3,Mangrove,train
2760,6,Danau,train
1307,3,Mangrove,train
2571,6,Danau,train
2771,6,Danau,train
1172,3,Mangrove,train
1368,3,Mangrove,train
81,1,Sawah,train
305,1,Sawah,train
139,1,Sawah,train
2645,6,Danau,train
725,2,Bangunan / Permukiman,train
220,1,Sawah,train
859,2,Bangunan / Permukiman,train
366,1,Sawah,train
546,2,Bangunan / Permukiman,train
367,1,Sawah,train
1186,3,Mangrove,train
291,1,Sawah,train
1238,3,Mangrove,train
1265,3,Mangrove,train
587,2,Bangunan / Permukiman,train
128,1,Sawah,train
565,2,Bangunan / Permukiman,train
45,1,Sawah,train
1889,4,Lahan hijau,train
532,2,Bangunan / Permukiman,train
2746,6,Danau,train
1679,4,Lahan hijau,train
1845,4,Lahan hijau,train
2586,6,Danau,train
2766,6,Danau,train
2672,6,Danau,train
806,2,Bangunan / Permukiman,train
111,1,Sawah,train
1411,3,Mangrove,train
789,2,Bangunan / Permukiman,train
1532,4,Lahan hijau,train
1677,4,Lahan hijau,train
1873,4,Lahan hijau,train
2636,6,Danau,train
739,2,Bangunan / Permukiman,train
2678,6,Danau,train
2778,6,Danau,train
1263,3,Mangrove,train
90,1,Sawah,train
50,1,Sawah,train
948,2,Bangunan / Permukiman,train
2627,6,Danau,train
1146,3,Mangrove,train
0,1,Sawah,train
1039,3,Mangrove,train
713,2,Bangunan / Permukiman,train
2561,6,Danau,train
1917,4,Lahan hijau,train
2773,6,Danau,train
2647,6,Danau,train
1035,3,Mangrove,train
513,2,Bangunan / Permukiman,train
1893,4,Lahan hijau,train
2710,6,Danau,train
2640,6,Danau,train
113,1,Sawah,train
2697,6,Danau,train
1358,3,Mangrove,train
1911,4,Lahan hijau,train
2743,6,Danau,train
479,1,Sawah,train
1189,3,Mangrove,train
519,2,Bangunan / Permukiman,train
68,1,Sawah,train
728,2,Bangunan / Permukiman,train
233,1,Sawah,train
109,1,Sawah,train
2689,6,Danau,train
619,2,Bangunan / Permukiman,train
1491,3,Mangrove,train
264,1,Sawah,train
1191,3,Mangrove,train
206,1,Sawah,train
2634,6,Danau,train
1641,4,Lahan hijau,train
190,1,Sawah,train
219,1,Sawah,train
984,2,Bangunan / Permukiman,train
1118,3,Mangrove,train
180,1,Sawah,train
405,1,Sawah,train
1499,3,Mangrove,train
1173,3,Mangrove,train
2790,6,Danau,train
1836,4,Lahan hijau,train
1623,4,Lahan hijau,train
1560,4,Lahan hijau,train
1668,4,Lahan hijau,train
2699,6,Danau,train
2658,6,Danau,train
2659,6,Danau,train
453,1,Sawah,train
1699,4,Lahan hijau,train
469,1,Sawah,train
634,2,Bangunan / Permukiman,train
2606,6,Danau,train
2053,5,Laut,train
2754,6,Danau,train
1478,3,Mangrove,train
1122,3,Mangrove,train
1744,4,Lahan hijau,train
1591,4,Lahan hijau,train
1147,3,Mangrove,train
1989,4,Lahan hijau,train
2758,6,Danau,train
2734,6,Danau,train
1015,3,Mangrove,train
1232,3,Mangrove,train
2751,6,Danau,train
2266,5,Laut,train
2665,6,Danau,train
745,2,Bangunan / Permukiman,train
1274,3,Mangrove,train
2702,6,Danau,train
2263,5,Laut,train
1271,3,Mangrove,train
715,2,Bangunan / Permukiman,train
1566,4,Lahan hijau,train
1869,4,Lahan hijau,train
1766,4,Lahan hijau,train
2728,6,Danau,train
1684,4,Lahan hijau,train
1061,3,Mangrove,train
392,1,Sawah,train
1736,4,Lahan hijau,train
20,1,Sawah,train
1991,4,Lahan hijau,train
929,2,Bangunan / Permukiman,train
1824,4,Lahan hijau,train
66,1,Sawah,train
1001,3,Mangrove,train
888,2,Bangunan / Permukiman,train
1016,3,Mangrove,train
1083,3,Mangrove,train
1734,4,Lahan hijau,train
633,2,Bangunan / Permukiman,test
2688,6,Danau,test
154,1,Sawah,test
2567,6,Danau,test
183,1,Sawah,test
2767,6,Danau,test
1964,4,Lahan hijau,test
176,1,Sawah,test
1228,3,Mangrove,test
189,1,Sawah,test
544,2,Bangunan / Permukiman,test
1361,3,Mangrove,test
345,1,Sawah,test
1954,4,Lahan hijau,test
530,2,Bangunan / Permukiman,test
2654,6,Danau,test
930,2,Bangunan / Permukiman,test
1968,4,Lahan hijau,test
1760,4,Lahan hijau,test
2747,6,Danau,test
1619,4,Lahan hijau,test
843,2,Bangunan / Permukiman,test
1972,4,Lahan hijau,test
1042,3,Mangrove,test
348,1,Sawah,test
2715,6,Danau,test
901,2,Bangunan / Permukiman,test
2025,5,Laut,test
1688,4,Lahan hijau,test
537,2,Bangunan / Permukiman,test
310,1,Sawah,test
393,1,Sawah,test
2630,6,Danau,test
72,1,Sawah,test
1057,3,Mangrove,test
2578,6,Danau,test
1782,4,Lahan hijau,test
1918,4,Lahan hijau,test
1559,4,Lahan hijau,test
1099,3,Mangrove,test
2265,5,Laut,test
1369,3,Mangrove,test
828,2,Bangunan / Permukiman,test
860,2,Bangunan / Permukiman,test
2591,6,Danau,test
1270,3,Mangrove,test
2776,6,Danau,test
99,1,Sawah,test
1370,3,Mangrove,test
659,2,Bangunan / Permukiman,test
1037,3,Mangrove,test
1047,3,Mangrove,test
