fid,class_id,class_name,n_valid
0,1,Sawah,231
20,1,Sawah,282
45,1,Sawah,625
48,1,Sawah,590
50,1,Sawah,11962
66,1,Sawah,138
68,1,Sawah,244
72,1,Sawah,168
81,1,Sawah,913
90,1,Sawah,20
99,1,Sawah,103
100,1,Sawah,42
108,1,Sawah,2636
109,1,Sawah,107
111,1,Sawah,8871
113,1,Sawah,13274
128,1,Sawah,543
139,1,Sawah,13280
154,1,Sawah,2253
160,1,Sawah,572
176,1,Sawah,230
180,1,Sawah,13136
183,1,Sawah,76
189,1,Sawah,866
190,1,Sawah,1190
206,1,Sawah,44
219,1,Sawah,465
220,1,Sawah,80
224,1,Sawah,599
233,1,Sawah,129
264,1,Sawah,18
280,1,Sawah,608
284,1,Sawah,1517
291,1,Sawah,553
305,1,Sawah,284
310,1,Sawah,1501
328,1,Sawah,33
344,1,Sawah,75
345,1,Sawah,4579
348,1,Sawah,1173
366,1,Sawah,397
367,1,Sawah,40
376,1,Sawah,115
392,1,Sawah,1218
393,1,Sawah,95
405,1,Sawah,317
453,1,Sawah,174
457,1,Sawah,398
469,1,Sawah,68
479,1,Sawah,108
513,2,Bangunan / Permukiman,368
517,2,Bangunan / Permukiman,15
519,2,Bangunan / Permukiman,603
530,2,Bangunan / Permukiman,4025
532,2,Bangunan / Permukiman,220
536,2,Bangunan / Permukiman,21
537,2,Bangunan / Permukiman,59
544,2,Bangunan / Permukiman,78
546,2,Bangunan / Permukiman,669
556,2,Bangunan / Permukiman,5120
565,2,Bangunan / Permukiman,92
587,2,Bangunan / Permukiman,17
619,2,Bangunan / Permukiman,109
633,2,Bangunan / Permukiman,12
634,2,Bangunan / Permukiman,17
635,2,Bangunan / Permukiman,1219
659,2,Bangunan / Permukiman,57
669,2,Bangunan / Permukiman,98
685,2,Bangunan / Permukiman,30
698,2,Bangunan / Permukiman,68
713,2,Bangunan / Permukiman,135
715,2,Bangunan / Permukiman,39
725,2,Bangunan / Permukiman,112
728,2,Bangunan / Permukiman,521
739,2,Bangunan / Permukiman,243
745,2,Bangunan / Permukiman,75
760,2,Bangunan / Permukiman,203
770,2,Bangunan / Permukiman,326
774,2,Bangunan / Permukiman,311
777,2,Bangunan / Permukiman,130
789,2,Bangunan / Permukiman,15
806,2,Bangunan / Permukiman,25
815,2,Bangunan / Permukiman,182
821,2,Bangunan / Permukiman,7
828,2,Bangunan / Permukiman,524
843,2,Bangunan / Permukiman,2161
847,2,Bangunan / Permukiman,196
855,2,Bangunan / Permukiman,757
859,2,Bangunan / Permukiman,706
860,2,Bangunan / Permukiman,856
867,2,Bangunan / Permukiman,43
883,2,Bangunan / Permukiman,310
888,2,Bangunan / Permukiman,87
901,2,Bangunan / Permukiman,48
915,2,Bangunan / Permukiman,708
929,2,Bangunan / Permukiman,18
930,2,Bangunan / Permukiman,25
948,2,Bangunan / Permukiman,40
964,2,Bangunan / Permukiman,23
984,2,Bangunan / Permukiman,167
1001,3,Mangrove,2
1015,3,Mangrove,154
1016,3,Mangrove,116
1035,3,Mangrove,380
1037,3,Mangrove,52
1039,3,Mangrove,65
1042,3,Mangrove,2
1047,3,Mangrove,468
1057,3,Mangrove,151
1061,3,Mangrove,251
1083,3,Mangrove,4
1099,3,Mangrove,12243
1112,3,Mangrove,33
1118,3,Mangrove,1456
1122,3,Mangrove,28
1123,3,Mangrove,54
1135,3,Mangrove,26
1144,3,Mangrove,14
1146,3,Mangrove,347
1147,3,Mangrove,1
1172,3,Mangrove,321
1173,3,Mangrove,473
1186,3,Mangrove,15
1189,3,Mangrove,331
1191,3,Mangrove,63
1194,3,Mangrove,1230
1200,3,Mangrove,57
1228,3,Mangrove,3
1232,3,Mangrove,788
1238,3,Mangrove,165
1263,3,Mangrove,2
1265,3,Mangrove,1
1270,3,Mangrove,66
1271,3,Mangrove,1
1274,3,Mangrove,19
1307,3,Mangrove,3
1349,3,Mangrove,215
1358,3,Mangrove,1853
1361,3,Mangrove,78
1368,3,Mangrove,2493
1369,3,Mangrove,22
1370,3,Mangrove,190
1387,3,Mangrove,2736
1409,3,Mangrove,6
1411,3,Mangrove,8210
1440,3,Mangrove,20
1466,3,Mangrove,49
1478,3,Mangrove,110
1491,3,Mangrove,21
1499,3,Mangrove,332
1500,4,Lahan hijau,38
1517,4,Lahan hijau,248
1524,4,Lahan hijau,204
1532,4,Lahan hijau,418
1554,4,Lahan hijau,598
1559,4,Lahan hijau,670
1560,4,Lahan hijau,8201
1566,4,Lahan hijau,444
1578,4,Lahan hijau,3779
1591,4,Lahan hijau,294
1619,4,Lahan hijau,1059
1623,4,Lahan hijau,172
1641,4,Lahan hijau,7459
1668,4,Lahan hijau,67
1674,4,Lahan hijau,373
1677,4,Lahan hijau,55
1679,4,Lahan hijau,2097
1683,4,Lahan hijau,517
1684,4,Lahan hijau,180
1688,4,Lahan hijau,761
1689,4,Lahan hijau,142
1699,4,Lahan hijau,15
1733,4,Lahan hijau,29
1734,4,Lahan hijau,10824
1736,4,Lahan hijau,109
1744,4,Lahan hijau,17
1750,4,Lahan hijau,1735
1760,4,Lahan hijau,1
1766,4,Lahan hijau,98
1782,4,Lahan hijau,424
1795,4,Lahan hijau,2036
1824,4,Lahan hijau,22
1836,4,Lahan hijau,108
1845,4,Lahan hijau,23
1847,4,Lahan hijau,128
1864,4,Lahan hijau,48
1869,4,Lahan hijau,104194
1873,4,Lahan hijau,71
1887,4,Lahan hijau,2
1889,4,Lahan hijau,1564
1893,4,Lahan hijau,1589
1911,4,Lahan hijau,92
1917,4,Lahan hijau,7
1918,4,Lahan hijau,151
1954,4,Lahan hijau,848
1964,4,Lahan hijau,130
1968,4,Lahan hijau,59
1972,4,Lahan hijau,5
1989,4,Lahan hijau,7
1991,4,Lahan hijau,177
2025,5,Laut,31663
2044,5,Laut,50
2053,5,Laut,8655
2263,5,Laut,146
2265,5,Laut,379
2266,5,Laut,5250
2561,6,Danau,50
2567,6,Danau,2
2571,6,Danau,1
2578,6,Danau,78
2586,6,Danau,44
2591,6,Danau,549
2606,6,Danau,211
2616,6,Danau,144
2621,6,Danau,121
2627,6,Danau,98
2630,6,Danau,92
2634,6,Danau,77
2636,6,Danau,75
2640,6,Danau,60
2645,6,Danau,53
2647,6,Danau,46
2654,6,Danau,35
2656,6,Danau,30
2658,6,Danau,29
2659,6,Danau,29
2662,6,Danau,19
2665,6,Danau,22
2670,6,Danau,17
2672,6,Danau,18
2678,6,Danau,15
2688,6,Danau,6
2689,6,Danau,6
2697,6,Danau,5
2699,6,Danau,4
2702,6,Danau,3
2710,6,Danau,1
2715,6,Danau,1
2728,6,Danau,296
2734,6,Danau,169
2737,6,Danau,115
2743,6,Danau,83
2746,6,Danau,74
2747,6,Danau,68
2751,6,Danau,40
2754,6,Danau,35
2758,6,Danau,19
2760,6,Danau,23
2766,6,Danau,12
2767,6,Danau,13
2771,6,Danau,6
2773,6,Danau,6
2776,6,Danau,5
2778,6,Danau,4
2785,6,Danau,1
2790,6,Danau,1
