fid,class_id,class_name,n_pixels,mean_B02,mean_B03,mean_B04,mean_B08,mean_B11,mean_B12,NDVI,NDWI,NDBI
0,1,Sawah,231,250.52813852813853,463.38528138528136,313.94805194805195,2779.5627705627708,1424.3549783549784,721.6060606060606,0.7970279918443998,-0.7142197321927967,-0.3223678181041185
20,1,Sawah,282,632.6241134751773,887.6595744680851,712.2943262411347,2906.4893617021276,1608.5531914893618,905.7872340425532,0.606334952479037,-0.532090284592738,-0.28746931062594533
45,1,Sawah,625,3619.3216,3584.5552,3428.1904,5171.1232,4658.9488,3587.1008,0.20268278156526356,-0.18120446269474677,-0.052102812675227594
48,1,Sawah,590,612.0,904.0762711864406,807.4474576271186,3194.7966101694915,2594.576271186441,1542.579661016949,0.5965026400443141,-0.558865913944925,-0.10367622733646976
50,1,Sawah,11962,648.4255977261328,925.3497742852365,714.5253302123391,3592.5809229225883,2028.619294432369,1129.5766594215015,0.6682109573255725,-0.5903656623785213,-0.2782255689206064
66,1,Sawah,138,360.07246376811594,689.9202898550725,586.2173913043479,3172.463768115942,1957.9202898550725,1144.0652173913043,0.6880728285052188,-0.6427489967336386,-0.2367353914516104
68,1,Sawah,244,488.655737704918,858.3975409836065,694.094262295082,3607.434426229508,2626.9180327868853,1489.5122950819673,0.6772801891816959,-0.615571052701615,-0.15727638112993708
81,1,Sawah,913,603.355969331873,859.8762322015334,707.2300109529025,3063.7196056955095,2001.7677984665936,1216.3373493975903,0.6249061468068712,-0.5616897011174284,-0.20964454602263025
90,1,Sawah,20,313.0,619.25,366.25,3545.85,1922.25,960.15,0.812760410009969,-0.7026481957215912,-0.2969221484610742
100,1,Sawah,42,409.1190476190476,656.6190476190476,614.6666666666666,2095.6428571428573,1355.404761904762,800.3095238095239,0.5464232691750197,-0.5228513344002769,-0.2144966331824705
108,1,Sawah,2636,610.2943854324734,913.8964339908953,776.1839908952959,3457.5326251896813,2330.096737481032,1379.3732928679817,0.6333320997695624,-0.5818774951538593,-0.19480098276168667
109,1,Sawah,107,464.21495327102804,774.2710280373832,521.0280373831775,3931.0467289719627,1999.3831775700935,1000.0747663551402,0.7659392239678235,-0.6708953282128592,-0.3257206613758281
111,1,Sawah,8871,950.9387893134934,1157.2415736670048,1087.116446849284,2689.670161199414,2566.4699582910607,1673.0417089392402,0.4243167222990392,-0.39835293688785967,-0.02343929197235636
113,1,Sawah,13274,638.584074129878,823.2328612324845,693.6138315503993,2719.115639596203,1888.6040379689618,1127.31806539099,0.5935137329725932,-0.5352050420561955,-0.18024351734567856
128,1,Sawah,543,411.69797421731124,666.791896869245,546.268876611418,2664.0791896869246,1821.5672191528545,1041.3278084714548,0.6596824610103493,-0.5996291183045155,-0.18782398204052544
139,1,Sawah,13280,569.4322289156627,832.9444277108433,747.6675451807229,2858.4072289156625,2145.666792168675,1294.4172439759036,0.5853288730719267,-0.5487049161433382,-0.14243203312818764
160,1,Sawah,572,325.1451048951049,601.6293706293707,419.4912587412587,3688.0104895104896,1932.7884615384614,1063.006993006993,0.7957438440921885,-0.71949655903759,-0.31227269348327596
180,1,Sawah,13136,510.42676613885504,854.9536388550548,860.3762941534713,2927.2691077953714,2415.970386723508,1508.570417174178,0.5456933250875147,-0.5479094193422582,-0.09569077365825658
190,1,Sawah,1190,729.326050420168,924.7210084033613,892.3563025210084,2635.1159663865546,2358.120168067227,1624.3554621848739,0.49405339886775884,-0.48047002435670033,-0.05547420367485356
206,1,Sawah,44,257.1136363636364,437.6818181818182,322.45454545454544,1987.8863636363637,915.4318181818181,430.22727272727275,0.7208597707933698,-0.6391098617943312,-0.36938925680647533
219,1,Sawah,465,432.93118279569893,654.9096774193548,510.7548387096774,2924.378494623656,1927.7655913978494,1017.8408602150538,0.7026288128303546,-0.6340559094768047,-0.2053963949868964
220,1,Sawah,80,781.4,985.4875,926.1875,2712.2,2012.7,1330.95,0.4908802319708937,-0.46697091087334985,-0.14804546127960377
224,1,Sawah,599,415.18030050083473,745.4524207011686,686.6677796327212,3370.0300500834724,2065.1302170283807,1230.8464106844742,0.661464664879533,-0.6377326712029252,-0.24008488598782243
233,1,Sawah,129,436.3720930232558,666.8372093023256,404.06201550387595,3347.4883720930234,1642.922480620155,773.7054263565891,0.7845893170782106,-0.6677712378921999,-0.3415682479421775
264,1,Sawah,18,386.55555555555554,604.3888888888889,446.1111111111111,3108.3333333333335,2054.777777777778,1202.3333333333333,0.7489840575179745,-0.6744227805294107,-0.2040544030300422
280,1,Sawah,608,8002.289473684211,7431.664473684211,7110.953947368421,7525.4078947368425,5751.195723684211,4665.649671052632,0.028316732794630577,-0.006267497993160257,-0.13363449132358998
284,1,Sawah,1517,363.50230718523403,598.9222148978247,510.8622280817403,2275.1984179301253,1429.0388925510877,772.5108767303889,0.6332727151413454,-0.5832309833783673,-0.22843016104416755
291,1,Sawah,553,1293.4792043399639,1421.361663652803,1397.3074141048824,2324.732368896926,2130.3761301989152,1598.9312839059673,0.24917115583436336,-0.24115003451455164,-0.043625478198220095
305,1,Sawah,284,500.13732394366195,710.0985915492957,468.38028169014086,3615.362676056338,1742.5528169014085,868.8415492957746,0.7706122610867723,-0.6716657264429178,-0.3495407610695772
328,1,Sawah,33,500.5151515151515,825.8787878787879,568.0,3575.2727272727275,1916.1515151515152,1045.909090909091,0.725820607337195,-0.6246987702942757,-0.3021294911625289
344,1,Sawah,75,654.0133333333333,923.88,880.28,2882.6133333333332,2206.92,1455.3333333333333,0.5321259881580486,-0.5145768458808982,-0.13276135336573094
366,1,Sawah,397,548.5138539042821,702.3400503778338,716.3954659949623,1325.0100755667506,951.448362720403,654.367758186398,0.2981350825109385,-0.30713492317899554,-0.16409775226444367
367,1,Sawah,40,359.0,579.85,502.2,2560.075,1846.375,1128.25,0.6720085557306252,-0.630659967992866,-0.16196711638620656
376,1,Sawah,115,563.5043478260869,885.6260869565217,892.6521739130435,3696.991304347826,3157.75652173913,1986.7304347826087,0.6110145905052775,-0.61348460439354,-0.07866588185148728
392,1,Sawah,1218,481.6305418719212,801.3308702791461,954.4901477832512,2841.4285714285716,2521.307060755337,1623.7224958949098,0.4970966354192959,-0.5600418402026108,-0.059693696021869566
405,1,Sawah,317,571.5205047318613,835.7507886435332,656.1955835962145,3322.1640378548896,2040.2176656151419,1138.8927444794954,0.6701175127265807,-0.5979952339007586,-0.23906287227001988
453,1,Sawah,174,315.6034482758621,575.4597701149426,445.4942528735632,3344.9540229885056,2094.0287356321837,1117.3620689655172,0.7649384872441012,-0.7064290656627847,-0.22999250831851378
457,1,Sawah,398,369.1859296482412,614.8542713567839,460.8065326633166,2655.6557788944724,1496.6934673366834,792.9673366834171,0.7042758829751555,-0.6240009895034275,-0.2791100273200071
469,1,Sawah,68,619.4411764705883,923.5882352941177,943.6470588235294,2996.3382352941176,2709.3676470588234,1911.75,0.5209895528126038,-0.528772673557052,-0.050295369959895676
479,1,Sawah,108,727.824074074074,957.5370370370371,1073.0,2214.425925925926,2423.3796296296296,1892.5648148148148,0.34720962590341425,-0.39624954754037117,0.04505443386978591
513,2,Bangunan / Permukiman,368,2469.5625,2314.4565217391305,2183.0625,3253.021739130435,3185.3614130434785,2513.334239130435,0.1968253603262019,-0.16857995189454283,-0.010508900214196022
517,2,Bangunan / Permukiman,15,686.5333333333333,994.2,846.3333333333334,3277.3333333333335,2354.3333333333335,1449.6666666666667,0.5895238865087705,-0.5344997112668362,-0.16389464338561704
519,2,Bangunan / Permukiman,603,1188.6119402985075,1371.5903814262024,1510.1774461028192,2131.927031509121,2343.9303482587065,2032.2321724709784,0.17071162818864863,-0.21702094223242124,0.047365967849624026
532,2,Bangunan / Permukiman,220,695.6545454545454,878.2318181818182,947.0318181818182,2280.2181818181816,2425.5318181818184,1888.5363636363636,0.4131029091754167,-0.443884298828971,0.030880016227729217
536,2,Bangunan / Permukiman,21,732.7142857142857,928.7619047619048,930.5714285714286,2631.5238095238096,2305.190476190476,1708.6190476190477,0.47751457141329345,-0.47826552176122833,-0.06610334616237909
546,2,Bangunan / Permukiman,669,524.1390134529148,759.1898355754857,705.2556053811659,2833.100149476831,2237.7159940209267,1473.576980568012,0.6013653491948158,-0.5773226333427929,-0.11741387157555651
556,2,Bangunan / Permukiman,5120,4403.653125,4125.482421875,3944.9744140625,4670.392578125,4239.4146484375,3490.970703125,0.08420049485069138,-0.061950648031037274,-0.048371184552976725
565,2,Bangunan / Permukiman,92,1268.0434782608695,1441.75,1577.7391304347825,2211.1521739130435,1924.3260869565217,1455.4891304347825,0.1671763565113117,-0.21062764270219927,-0.06935741620757813
587,2,Bangunan / Permukiman,17,777.4117647058823,936.7058823529412,1138.0,1872.7058823529412,1769.5294117647059,1374.0588235294117,0.2440311046852409,-0.3331658291457286,-0.028327788365257296
619,2,Bangunan / Permukiman,109,679.3669724770642,863.4128440366973,858.2477064220184,2588.201834862385,2454.798165137615,1784.5779816513761,0.5019525478953211,-0.4997049645691685,-0.02645323611437046
634,2,Bangunan / Permukiman,17,259.94117647058823,523.8823529411765,339.70588235294116,2980.1176470588234,1847.0,940.9411764705883,0.7953470241153854,-0.7009803921568627,-0.23474001048000875
635,2,Bangunan / Permukiman,1219,1070.194421657096,1088.2182116488925,913.9639048400328,2437.791632485644,1626.402789171452,1002.0508613617719,0.45463570080694315,-0.38274805814332774,-0.19964321563715057
669,2,Bangunan / Permukiman,98,427.9591836734694,654.4897959183673,636.3877551020408,2449.6530612244896,1948.030612244898,1253.7448979591836,0.5875700984022854,-0.5783120648507919,-0.11406515025303203
685,2,Bangunan / Permukiman,30,1393.2,1564.1666666666667,1609.4333333333334,2612.133333333333,2115.733333333333,1633.4333333333334,0.23751845681303146,-0.2509318455730351,-0.10499450069093885
698,2,Bangunan / Permukiman,68,490.8529411764706,734.2794117647059,544.3970588235294,3800.705882352941,2316.8382352941176,1618.6911764705883,0.7494204090473725,-0.6761712049134344,-0.24255936998939887
713,2,Bangunan / Permukiman,135,947.6888888888889,1119.5333333333333,1325.911111111111,2040.6962962962964,2213.8074074074075,2003.4222222222222,0.2123161683814017,-0.2914860851649318,0.04068890831154088
715,2,Bangunan / Permukiman,39,1172.5128205128206,1324.8974358974358,1547.948717948718,2013.3846153846155,2545.74358974359,2297.974358974359,0.13069147251101576,-0.2062399668184926,0.11676771312554132
725,2,Bangunan / Permukiman,112,438.66964285714283,677.7678571428571,581.4375,2798.4285714285716,1974.6964285714287,1125.517857142857,0.6559405090544057,-0.6100520375821276,-0.1725771151723751
728,2,Bangunan / Permukiman,521,2510.084452975048,2422.247600767754,2454.2284069097886,2783.3147792706336,3202.6468330134358,2771.7984644913627,0.06283220217241539,-0.0693618003479226,0.07005257983650805
739,2,Bangunan / Permukiman,243,965.8724279835391,1161.3497942386832,1391.5514403292182,2147.440329218107,2213.707818930041,1881.80658436214,0.21358876711532307,-0.2980214816252008,0.01519496413807289
745,2,Bangunan / Permukiman,75,1256.4,1444.96,1578.52,2246.24,2673.92,2290.6266666666666,0.17457827419236757,-0.2170784568703944,0.08692400247146441
760,2,Bangunan / Permukiman,203,1396.5566502463055,1598.7586206896551,1801.6305418719212,2274.669950738916,3132.0689655172414,2990.679802955665,0.11604625559977232,-0.17449949510750268,0.15857969620105544
770,2,Bangunan / Permukiman,326,1114.7116564417179,1373.398773006135,1654.6411042944785,2563.282208588957,2885.3588957055213,2491.9601226993864,0.21542380856453214,-0.30225548911527417,0.059111378589922485
774,2,Bangunan / Permukiman,311,1349.8842443729905,1529.0578778135048,1631.186495176849,2285.8585209003218,2542.385852090032,2255.630225080386,0.167134159305402,-0.19837935199365503,0.05313056079446766
777,2,Bangunan / Permukiman,130,224.1769230769231,462.4384615384615,270.88461538461536,3081.230769230769,1682.2769230769231,798.9538461538461,0.838379897883082,-0.7390058544272885,-0.29368144999806217
789,2,Bangunan / Permukiman,15,1329.3333333333333,1384.4,1403.7333333333333,2269.866666666667,2846.266666666667,2513.4,0.23577235772357724,-0.2423103586674937,0.11266320919444374
806,2,Bangunan / Permukiman,25,852.92,1086.56,1313.44,2404.8,2375.52,1766.12,0.293515211497913,-0.37757206360845064,-0.006125112963148952
815,2,Bangunan / Permukiman,182,776.1263736263736,935.0989010989011,1101.0494505494505,1685.576923076923,2151.236263736264,1834.368131868132,0.20976169538178824,-0.28636812499082737,0.12136617499641993
821,2,Bangunan / Permukiman,7,260.7142857142857,414.42857142857144,253.14285714285714,2646.5714285714284,1523.0,695.5714285714286,0.8254015173908759,-0.7292201428104726,-0.26946928427039435
847,2,Bangunan / Permukiman,196,1477.341836734694,1669.5969387755101,1974.9234693877552,2196.3571428571427,3275.377551020408,3138.9438775510203,0.05308529779065053,-0.13625619781266868,0.19719896313149213
855,2,Bangunan / Permukiman,757,301.61558784676356,445.2034346103038,348.4914134742404,1707.9062087186262,1169.8269484808454,688.7318361955085,0.6610661190099784,-0.586455398600163,-0.18698024828730966
859,2,Bangunan / Permukiman,706,559.1458923512748,692.0254957507082,712.2053824362606,1787.5453257790368,1752.1600566572238,1298.1784702549576,0.43017887336074306,-0.44181832618616607,-0.009996670710899266
867,2,Bangunan / Permukiman,43,911.4186046511628,1202.1162790697674,1354.953488372093,2760.093023255814,2692.046511627907,2244.0232558139537,0.34146382815193255,-0.3932090975788702,-0.01248069885088849
883,2,Bangunan / Permukiman,310,637.516129032258,857.5419354838709,817.1225806451613,2622.974193548387,2075.8806451612904,1426.1354838709678,0.5249420965276671,-0.5072328909320086,-0.11643125126575106
888,2,Bangunan / Permukiman,87,1112.655172413793,1285.2413793103449,1588.3103448275863,1942.2988505747126,2203.8390804597702,1910.6206896551723,0.1002627269560461,-0.2035783985526859,0.06308044600431371
915,2,Bangunan / Permukiman,708,863.8050847457627,1031.5790960451977,817.5706214689266,3567.822033898305,2500.9265536723165,1413.4858757062148,0.6271391477484638,-0.5514289504651798,-0.17580156185924276
929,2,Bangunan / Permukiman,18,667.6111111111111,864.7222222222222,827.5,2303.777777777778,2436.5555555555557,1780.2777777777778,0.47146177456842253,-0.454175652692301,0.02801021962824931
948,2,Bangunan / Permukiman,40,406.75,585.2,482.575,2731.9,1951.775,1126.6,0.6997487925711042,-0.6471616773687858,-0.16656258173336108
964,2,Bangunan / Permukiman,23,594.5652173913044,857.8695652173913,803.2608695652174,2720.782608695652,2134.8260869565215,1329.1739130434783,0.5441254487804276,-0.5205627574141346,-0.1206762238200557
984,2,Bangunan / Permukiman,167,920.934131736527,1091.3473053892214,1220.5928143712574,2120.2155688622756,2627.047904191617,2261.4850299401196,0.2692829552888881,-0.320363730606659,0.10676305164147513
1001,3,Mangrove,2,1389.0,1637.0,1620.0,3608.0,2319.0,1994.0,0.3802601377199694,-0.3757864632983794,-0.21747933187109836
1015,3,Mangrove,154,187.36363636363637,445.31168831168833,228.4935064935065,3133.5974025974024,923.0194805194806,368.3246753246753,0.864076544821752,-0.751146689116614,-0.5449314011579606
1016,3,Mangrove,116,166.83620689655172,436.48275862068965,216.0,2918.7241379310344,879.6896551724138,359.0948275862069,0.8621888303430979,-0.739817679160543,-0.5368120994244421
1035,3,Mangrove,380,144.93684210526317,320.59736842105264,149.46842105263158,2993.1473684210528,910.3789473684211,361.19473684210527,0.9048764271131826,-0.8065044872909723,-0.5335607480415818
1039,3,Mangrove,65,314.1384615384615,518.276923076923,351.6923076923077,3082.0615384615385,1165.3692307692309,588.2153846153847,0.795155783757628,-0.7120954440180838,-0.45125922276996405
1061,3,Mangrove,251,363.12749003984067,658.7211155378486,399.2788844621514,2342.4860557768925,821.2988047808765,405.1633466135458,0.7087431686048624,-0.5610292272830455,-0.4808124818979738
1083,3,Mangrove,4,288.25,529.0,387.5,2003.0,660.75,351.5,0.6758000418322526,-0.5821484992101106,-0.5038948850305021
1112,3,Mangrove,33,521.8787878787879,904.969696969697,656.1818181818181,2311.0,1402.939393939394,735.969696969697,0.5577070375930636,-0.43720259688863344,-0.24450065274151433
1118,3,Mangrove,1456,304.4629120879121,582.467032967033,374.25686813186815,2670.9134615384614,1120.1950549450548,547.8351648351648,0.7541964306657453,-0.6419311949827335,-0.40904089129893656
1122,3,Mangrove,28,421.32142857142856,694.0,401.60714285714283,3538.5714285714284,1212.642857142857,507.5,0.7961477452979833,-0.6720669636830026,-0.4895440263391314
1123,3,Mangrove,54,1331.611111111111,1535.1851851851852,1495.888888888889,2847.074074074074,2479.777777777778,1912.7037037037037,0.3111205867303428,-0.2993635956423627,-0.06895185120806531
1135,3,Mangrove,26,416.53846153846155,747.9230769230769,435.15384615384613,2993.3846153846152,1088.923076923077,445.0769230769231,0.7461578156200219,-0.6001809322121018,-0.4665159223666855
1144,3,Mangrove,14,564.5,755.2857142857143,766.5,492.64285714285717,116.35714285714286,55.92857142857143,-0.21749489448604492,0.2104630530593555,-0.6178747361013371
1146,3,Mangrove,347,269.93948126801155,613.7867435158502,340.13256484149855,3094.64265129683,1347.5907780979828,631.3976945244957,0.8019477005404126,-0.6689775221961028,-0.39328232092406196
1147,3,Mangrove,1,862.0,1074.0,1116.0,1202.0,117.0,76.0,0.03710094909404659,-0.056239015817223195,-0.8225928733889311
1172,3,Mangrove,321,389.0404984423676,615.5295950155763,543.8847352024923,2190.766355140187,1132.4423676012461,614.4423676012461,0.6022273282882767,-0.5613223936830957,-0.31846449496133117
1173,3,Mangrove,473,393.52431289640595,630.7610993657505,375.87949260042285,3288.3932346723045,1328.6744186046512,542.0951374207189,0.794840875351445,-0.6781136716727085,-0.42445096395257415
1186,3,Mangrove,15,2861.733333333333,2794.8,2710.8,3203.3333333333335,3118.2,2899.6666666666665,0.08328072865001353,-0.06811007869114835,-0.013467196777153276
1189,3,Mangrove,331,358.3776435045317,668.3564954682779,425.3021148036254,2705.954682779456,1080.129909365559,497.25075528700904,0.7283505363521109,-0.6038560404406136,-0.4294211430951632
1191,3,Mangrove,63,712.4285714285714,863.4761904761905,849.3968253968254,1583.1587301587301,508.0952380952381,235.22222222222223,0.3016424036384754,-0.29415199366801176,-0.5140760081670449
1194,3,Mangrove,1230,549.0081300813008,834.9056910569105,593.7512195121951,2901.5772357723577,1417.6455284552846,649.2211382113821,0.6602601288502611,-0.5531061121344928,-0.34356452267458537
1200,3,Mangrove,57,941.561403508772,1365.0701754385964,1304.2456140350878,3679.1929824561403,2857.59649122807,1841.2280701754387,0.47656800067592303,-0.45876329893608514,-0.12568807585675676
1232,3,Mangrove,788,3310.1852791878173,3426.4086294416243,3325.007614213198,4700.96192893401,3916.0317258883247,3046.983502538071,0.17143776927183074,-0.15682234375039034,-0.09109095752976609
1238,3,Mangrove,165,586.3151515151516,856.0363636363636,691.0666666666667,2404.9636363636364,1233.6060606060605,594.8060606060606,0.5535788742182072,-0.47498536422179477,-0.32192803032826756
1263,3,Mangrove,2,1462.0,2021.0,2189.0,3110.0,2132.5,1348.0,0.17380637856199282,-0.21223932956538685,-0.18645684310920363
1265,3,Mangrove,1,388.0,654.0,421.0,2314.0,1037.0,502.0,0.6921389396709323,-0.5592991913746631,-0.38108027454491195
1271,3,Mangrove,1,454.0,624.0,450.0,1526.0,373.0,155.0,0.5445344129554656,-0.41953488372093023,-0.607161664033702
1274,3,Mangrove,19,415.8421052631579,525.7894736842105,564.421052631579,1286.6315789473683,640.8947368421053,320.5263157894737,0.39016206994597663,-0.4197932396329423,-0.3350080550473745
1307,3,Mangrove,3,385.3333333333333,745.0,500.0,3132.0,1155.0,515.0,0.724669603524229,-0.6156822285272118,-0.46116165150454863
1349,3,Mangrove,215,319.16279069767444,547.0511627906977,447.553488372093,2309.6372093023256,1466.6186046511627,823.6651162790698,0.6753554342471947,-0.6170032628446014,-0.22324192167706416
1358,3,Mangrove,1853,5226.831084727469,5091.162439287642,4982.778737182946,5640.064759848894,5257.404209390178,4685.849433351322,0.06187477231022013,-0.051150004596437794,-0.03511462629890248
1368,3,Mangrove,2493,555.6538307260329,830.7127958283193,720.2823906939431,1820.1636582430806,1177.410348977136,688.0284797432812,0.4329480911469666,-0.37325423480037856,-0.2144245005186705
1387,3,Mangrove,2736,5051.539108187135,4878.130847953216,4741.216374269005,5348.201754385965,4992.0519005847955,4136.652777777777,0.06016059324502166,-0.04596671404225831,-0.03444304808034966
1409,3,Mangrove,6,885.6666666666666,1064.6666666666667,1046.0,1459.0,894.8333333333334,396.0,0.16487025948103792,-0.1562541275921278,-0.239679954683849
1411,3,Mangrove,8210,161.10389768574908,343.63836784409256,174.49171741778318,2766.799147381242,730.3968331303289,282.6492082825822,0.8813502469231611,-0.7790417803527567,-0.5822957379566207
1440,3,Mangrove,20,421.55,647.35,440.8,2692.0,1364.05,695.3,0.7185903983656792,-0.6122898168805306,-0.32739981016013114
1466,3,Mangrove,49,289.3061224489796,692.3877551020408,346.14285714285717,3425.3469387755104,1331.795918367347,531.7551020408164,0.8164423737709885,-0.6637045334020588,-0.4400858000858001
1478,3,Mangrove,110,291.8818181818182,530.5090909090909,376.9727272727273,2484.609090909091,1421.3181818181818,704.3636363636364,0.7365284299211498,-0.6481006322682964,-0.2722249634587992
1491,3,Mangrove,21,337.2857142857143,546.952380952381,321.23809523809524,2913.809523809524,891.8095238095239,430.9047619047619,0.8014013188883654,-0.6839121580714405,-0.5313196025926574
1499,3,Mangrove,332,316.3855421686747,628.8253012048193,351.0722891566265,2473.4789156626507,874.4487951807229,384.8343373493976,0.7514137548240417,-0.594607583752846,-0.4776178754705303
1500,4,Lahan hijau,38,320.5,566.2631578947369,567.1052631578947,2831.0526315789475,2115.3684210526317,1165.6842105263158,0.6662278324169443,-0.6666408464887141,-0.14468728054308272
1517,4,Lahan hijau,248,661.7983870967741,908.4032258064516,824.2782258064516,3192.1290322580644,2256.3870967741937,1468.3225806451612,0.5895444994272485,-0.5569339936200257,-0.17174252830009945
1524,4,Lahan hijau,204,2557.5343137254904,2593.5,2420.274509803922,3819.1176470588234,3255.627450980392,2380.078431372549,0.2241954187342281,-0.19112595113494074,-0.07964812700242786
1532,4,Lahan hijau,418,1482.511961722488,1683.6650717703349,1586.633971291866,3859.665071770335,3088.0334928229663,2023.866028708134,0.4173533407744076,-0.3925438217919548,-0.11106290403555208
1554,4,Lahan hijau,598,397.45317725752506,669.3963210702341,595.2608695652174,2860.782608695652,1938.0183946488294,1111.0033444816054,0.6555246637899583,-0.6207578514358041,-0.19229057704283015
1560,4,Lahan hijau,8201,7837.873064260456,7448.057188147787,7309.38105109133,7510.499817095476,6022.38739178149,4824.590293866601,0.013570876027477311,-0.004174375170399215,-0.10996267110966913
1566,4,Lahan hijau,444,378.15315315315314,650.0450450450451,548.0225225225225,3131.6486486486488,2177.596846846847,1197.9707207207207,0.7021350566234986,-0.6562148615425665,-0.1796963057389689
1578,4,Lahan hijau,3779,333.7351151098174,605.57581370733,544.3450648319662,2981.6073035194495,1863.3313045779307,1087.1323101349562,0.6912351569363493,-0.6623669358839449,-0.23081324437682993
1591,4,Lahan hijau,294,443.7074829931973,630.1462585034013,546.2619047619048,2582.6462585034014,2056.486394557823,1383.455782312925,0.6508290584074992,-0.607726764073469,-0.11341772337516179
1623,4,Lahan hijau,172,435.7848837209302,683.4476744186046,639.3604651162791,2946.3720930232557,2175.3372093023254,1293.1860465116279,0.6433864183959036,-0.623426110271988,-0.15054249240011172
1641,4,Lahan hijau,7459,2749.7136345354606,2620.3275237967555,2407.6742190642176,3806.287706126827,3052.3104973857085,2219.7924654779463,0.2250759666538526,-0.1845388497522005,-0.10993167792727375
1668,4,Lahan hijau,67,1369.313432835821,1792.5373134328358,1899.7910447761194,3920.089552238806,2765.044776119403,1636.3432835820895,0.3471374496065981,-0.37242975759380886,-0.172778095306137
1674,4,Lahan hijau,373,428.83109919571046,648.71581769437,575.2949061662198,2730.265415549598,2104.450402144772,1388.445040214477,0.6519229115942429,-0.6160287536894221,-0.12944194385002575
1677,4,Lahan hijau,55,710.2363636363636,891.6181818181818,999.4181818181818,1970.0727272727272,2328.8545454545456,1844.9272727272728,0.32687574239845213,-0.37685919958320896,0.08345845263723302
1679,4,Lahan hijau,2097,486.001907486886,716.0462565569861,509.49737720553173,3054.8555078683835,1914.114926084883,1003.5708154506437,0.7141150757888742,-0.6202254520061192,-0.2295728253862718
1683,4,Lahan hijau,517,427.7698259187621,749.8181818181819,457.541586073501,3613.377176015474,2068.0309477756286,1027.936170212766,0.7752145828433503,-0.6562985975532988,-0.2720005665089702
1684,4,Lahan hijau,180,328.84444444444443,524.7111111111111,370.2611111111111,1800.4055555555556,883.4888888888889,446.7111111111111,0.6588503276003276,-0.5486582513183328,-0.3416366349893707
1689,4,Lahan hijau,142,5100.901408450704,4938.267605633803,4904.816901408451,4993.507042253521,4851.739436619719,4236.394366197183,0.008960117020807328,-0.005561889851323619,-0.014399599434917063
1699,4,Lahan hijau,15,304.73333333333335,667.2666666666667,335.06666666666666,3995.866666666667,1851.8666666666666,858.1333333333333,0.8452681485130227,-0.713811886142365,-0.36663778558073784
1733,4,Lahan hijau,29,530.6206896551724,759.6206896551724,676.0344827586207,2702.6206896551726,2041.9655172413793,1264.4137931034484,0.5998203733376879,-0.561197151536278,-0.13924400223848601
1734,4,Lahan hijau,10824,392.68652993348115,637.0249445676275,499.6629711751663,3002.9550997782703,2105.440872135994,1146.3126385809312,0.71469171856402,-0.649984375295057,-0.17569394239929126
1736,4,Lahan hijau,109,1967.7798165137615,1948.6697247706422,1836.954128440367,3189.9633027522937,2905.761467889908,2245.954128440367,0.2691528541758679,-0.2415610477208982,-0.046623140898870354
1744,4,Lahan hijau,17,209.35294117647058,380.0,249.11764705882354,2712.9411764705883,789.0,347.1764705882353,0.8317942607486845,-0.7542791936097375,-0.5493927737557321
1750,4,Lahan hijau,1735,651.1527377521613,915.7538904899136,841.678962536023,2913.5608069164264,2114.9533141210372,1455.7711815561959,0.5517309071006414,-0.5217139551835898,-0.15881579997047388
1766,4,Lahan hijau,98,8541.959183673469,8151.061224489796,8054.0,8501.102040816326,7992.734693877551,6696.836734693878,0.027006903353057162,-0.02102074131448262,-0.030821655089470622
1795,4,Lahan hijau,2036,428.840373280943,722.3521611001964,729.9111001964636,2935.193516699411,2232.3241650294694,1378.6041257367388,0.6016969901314003,-0.6050071688866693,-0.1360168256714672
1824,4,Lahan hijau,22,1304.5,1500.7727272727273,1225.8181818181818,1983.8181818181818,983.5,631.5454545454545,0.2361638248456353,-0.1386232895474883,-0.3371118702225762
1836,4,Lahan hijau,108,491.1574074074074,702.324074074074,632.324074074074,2835.1111111111113,2202.9444444444443,1452.0648148148148,0.635278503964132,-0.6029190431443582,-0.1254783040194079
1845,4,Lahan hijau,23,9473.391304347826,8873.391304347826,8628.869565217392,8616.695652173914,8202.652173913044,6907.739130434783,-0.0007059155724975155,0.014676636703523928,-0.024617094702012454
1847,4,Lahan hijau,128,364.6640625,597.4609375,344.3515625,3673.34375,1923.875,897.5078125,0.8285825401300886,-0.7202115380042183,-0.31256036759328015
1864,4,Lahan hijau,48,379.7708333333333,595.4375,395.125,3662.25,2093.6458333333335,1001.9166666666666,0.8052312147632398,-0.7203000455059231,-0.2725212915742191
1869,4,Lahan hijau,104194,4052.205222949498,3800.951686277521,3555.2991726970845,4514.575129086128,3775.2586713246446,2986.9172889033916,0.11887123894570091,-0.08581818790964953,-0.08918350784364934
1873,4,Lahan hijau,71,683.2676056338029,870.7887323943662,872.8169014084507,2166.478873239437,2108.6338028169016,1643.943661971831,0.42564530330413836,-0.4265972937128442,-0.01353065399808257
1887,4,Lahan hijau,2,300.5,378.5,365.0,410.0,550.0,347.0,0.05806451612903226,-0.039949270767279645,0.14583333333333334
1889,4,Lahan hijau,1564,323.73273657289,563.329283887468,513.6297953964195,3011.0754475703325,1712.9373401534526,1028.2653452685422,0.7085544691027292,-0.6847982664471701,-0.2747956378929224
1893,4,Lahan hijau,1589,440.3775959723096,729.8527375707993,518.7709251101321,3739.4713656387667,2030.9798615481434,1050.4298300818125,0.756345041127805,-0.6733945801573583,-0.2960758936911614
1911,4,Lahan hijau,92,500.39130434782606,686.4673913043479,645.2065217391304,2671.6521739130435,2137.228260869565,1452.1739130434783,0.6109532657602301,-0.5911596487423408,-0.11113270963819208
1917,4,Lahan hijau,7,368.85714285714283,659.4285714285714,422.14285714285717,3552.0,1558.7142857142858,685.2857142857143,0.7875552679823141,-0.6868385345997285,-0.390020964360587
1989,4,Lahan hijau,7,410.14285714285717,686.8571428571429,540.4285714285714,2599.1428571428573,1705.5714285714287,890.8571428571429,0.6557309914911043,-0.5819493957047214,-0.2075797298642684
1991,4,Lahan hijau,177,577.8644067796611,554.4237288135594,410.56497175141243,1270.5310734463276,561.6553672316384,287.54237288135596,0.5115508445525854,-0.3923973041666537,-0.38690151311914694
2044,5,Laut,50,1723.18,1745.88,1684.86,1654.68,1710.4,1591.82,-0.00903717278427563,0.02681911214623475,0.016558298762585147
2053,5,Laut,8655,843.6216060080878,1079.9326400924322,1116.3877527440786,1966.0123627960716,1756.6078567302138,1285.7201617562102,0.27563735342746293,-0.2909047017800256,-0.05625191228679918
2263,5,Laut,146,740.972602739726,834.9109589041096,638.486301369863,1715.7602739726028,1214.027397260274,742.8287671232877,0.457587571278948,-0.3453402005381339,-0.1712522998300405
2266,5,Laut,5250,367.7192380952381,674.9609523809523,445.1744761904762,2318.5476190476193,859.2365714285714,329.55942857142855,0.6778442543427116,-0.5490502624090732,-0.459222829540344
2561,6,Danau,50,407.22,603.38,473.02,1318.0,1071.52,615.36,0.4717870263871984,-0.3719305915539872,-0.10315042351601997
2571,6,Danau,1,413.0,618.0,546.0,1408.0,1500.0,786.0,0.44114636642784033,-0.3899308983218164,0.03163686382393398
2586,6,Danau,44,493.3181818181818,591.9545454545455,526.6363636363636,1216.9318181818182,1057.7727272727273,700.9545454545455,0.3959096419307324,-0.34550388863062403,-0.06996912685963215
2606,6,Danau,211,483.77251184834125,672.0189573459716,551.6824644549763,2430.142180094787,1687.260663507109,994.7582938388625,0.6299698807149158,-0.5667414247214906,-0.18042478348749733
2616,6,Danau,144,486.43055555555554,697.5972222222222,563.2013888888889,2432.7638888888887,1653.888888888889,968.7638888888889,0.6240267582095365,-0.5543023967770846,-0.19058996258143887
2621,6,Danau,121,422.59504132231405,607.0661157024794,417.1322314049587,2311.0661157024792,1203.8429752066115,657.1570247933885,0.6942068146568436,-0.5839351560774185,-0.31500761808024375
2627,6,Danau,98,637.6326530612245,839.6224489795918,880.3673469387755,2092.234693877551,1698.7857142857142,1221.7755102040817,0.4076789729330793,-0.42724190977370335,-0.10378445305770885
2634,6,Danau,77,393.8181818181818,593.3636363636364,379.14285714285717,3195.4285714285716,1526.5584415584415,725.2727272727273,0.7878666773239549,-0.6867795308788395,-0.35342539597847045
2636,6,Danau,75,608.24,795.0266666666666,857.4266666666666,1520.4266666666667,1458.6933333333334,1139.0,0.27882291590734504,-0.3132863830840901,-0.020722002918087675
2640,6,Danau,60,456.45,652.1,470.03333333333336,2825.5333333333333,1794.3333333333333,968.2166666666667,0.7147480959268513,-0.6249748392105743,-0.22320990504776472
2645,6,Danau,53,617.4528301886793,802.1698113207547,771.4528301886793,2187.3584905660377,1263.698113207547,744.2452830188679,0.4785386788422173,-0.4633469027107199,-0.2676456759209649
2647,6,Danau,46,536.2608695652174,761.0434782608696,631.0652173913044,2912.913043478261,1949.4565217391305,1117.1739130434783,0.6438662029284211,-0.5857090448633744,-0.19814547389222464
2656,6,Danau,30,434.5,637.4333333333333,454.06666666666666,2114.4666666666667,1317.7333333333333,714.8666666666667,0.6464389534883721,-0.5367321971486366,-0.2321348794747781
2658,6,Danau,29,470.0344827586207,681.3448275862069,530.3448275862069,2084.4137931034484,1538.103448275862,885.7931034482758,0.5943450967980165,-0.507299861608089,-0.15080959134912855
2659,6,Danau,29,393.37931034482756,587.8965517241379,384.0689655172414,1740.4827586206898,1070.8275862068965,563.4827586206897,0.6384470557683568,-0.4950165128919035,-0.2382003728780297
2662,6,Danau,19,460.7368421052632,643.5263157894736,436.7894736842105,1034.1052631578948,844.2631578947369,491.1578947368421,0.4060900991161842,-0.23281568627450988,-0.10106755582952731
2665,6,Danau,22,494.09090909090907,703.0909090909091,577.5454545454545,2411.090909090909,1800.2727272727273,1036.6363636363637,0.6135057034220532,-0.548458664175619,-0.14504047490555855
2670,6,Danau,17,503.7647058823529,706.0588235294117,546.7058823529412,1278.4117647058824,1075.7058823529412,701.7647058823529,0.400908885809134,-0.2884159354991701,-0.08610694652673666
2672,6,Danau,18,478.1666666666667,716.0555555555555,602.8333333333334,3036.3333333333335,2065.3888888888887,1172.611111111111,0.6686970460270207,-0.618346830907718,-0.19031699535015414
2678,6,Danau,15,476.8,684.2666666666667,535.6,1902.6666666666667,1394.0,829.4,0.5606715152840815,-0.4709823729512422,-0.15429726996966633
2689,6,Danau,6,406.1666666666667,560.6666666666666,450.6666666666667,1278.5,957.6666666666666,510.6666666666667,0.47874698795180715,-0.39030357951971006,-0.14347469628083778
2697,6,Danau,5,479.8,682.2,533.4,1589.8,1184.0,672.0,0.4975508666164281,-0.39947183098591543,-0.14629749801716055
2699,6,Danau,4,469.75,669.5,546.75,2823.0,1835.5,1057.0,0.6754952147785444,-0.6166070150322119,-0.211978104540088
2702,6,Danau,3,414.0,625.0,378.6666666666667,1947.3333333333333,1402.0,708.0,0.6744052737173974,-0.514059867824284,-0.16281847133757962
2710,6,Danau,1,586.0,766.0,746.0,1604.0,757.0,436.0,0.3651063829787234,-0.35358649789029534,-0.35874629394324437
2728,6,Danau,296,409.0371621621622,588.0709459459459,406.44256756756755,1967.8277027027027,1265.956081081081,663.4763513513514,0.6576273791093707,-0.5398323433076111,-0.21704346009193481
2734,6,Danau,169,563.9349112426036,722.4437869822485,531.4142011834319,1772.0355029585799,1200.3550295857988,660.6153846153846,0.5385927461512575,-0.4207658569100522,-0.19233020261419695
2737,6,Danau,115,376.9913043478261,548.5565217391304,378.0608695652174,1336.9217391304348,893.2347826086957,497.7217391304348,0.5591082176013954,-0.4181247982290274,-0.19894879673097615
2743,6,Danau,83,476.04819277108436,664.722891566265,474.56626506024094,2418.3493975903616,1573.1927710843374,815.710843373494,0.6719114413273806,-0.5687918872975245,-0.21173686529951888
2746,6,Danau,74,588.8513513513514,827.0945945945946,741.3648648648649,2275.5675675675675,1766.418918918919,1144.527027027027,0.5085306804387846,-0.46684843443076346,-0.1259649556847549
2751,6,Danau,40,350.575,501.3,359.675,1371.5,1140.825,639.425,0.5844729735584213,-0.4646518581802649,-0.09181734051127938
2754,6,Danau,35,515.3142857142857,650.6857142857143,486.9142857142857,1572.0,967.4285714285714,511.51428571428573,0.5270184008215149,-0.41450497467671027,-0.23807380738073805
2758,6,Danau,19,291.3157894736842,488.36842105263156,310.5263157894737,2643.684210526316,1839.9473684210527,923.0526315789474,0.7897737395332264,-0.6881480112251928,-0.17926023312869033
2760,6,Danau,23,433.7391304347826,575.4347826086956,435.4347826086956,1688.4782608695652,1140.0,608.304347826087,0.5899692937563971,-0.49164586134050314,-0.19391284297901779
2766,6,Danau,12,488.0,603.0,503.4166666666667,1238.5,824.1666666666666,458.25,0.42199684255848435,-0.34509910399131144,-0.20087265675500973
2771,6,Danau,6,379.5,599.1666666666666,445.8333333333333,3067.0,1958.1666666666667,1038.5,0.7461688096028846,-0.6731372459880893,-0.22065603130907763
2773,6,Danau,6,441.5,653.6666666666666,416.3333333333333,1562.1666666666667,1280.1666666666667,654.0,0.5791424479824784,-0.41000376081233547,-0.0992142605840272
2778,6,Danau,4,291.25,453.25,290.0,821.0,912.25,511.0,0.47794779477947796,-0.28860113792426917,0.052646761863551134
2785,6,Danau,1,339.0,551.0,290.0,3976.0,1653.0,721.0,0.8640412564463197,-0.7565716810249613,-0.412684313377154
2790,6,Danau,1,367.0,534.0,352.0,2618.0,1235.0,671.0,0.762962962962963,-0.6611675126903553,-0.3589410848689333
