class_id,class_name,source,source_class,polygon_count,total_area,mean_area,median_area
1,Sawah,Kementan,Bangkalan,18,1394831.4842163995,77490.63801202219,16094.001488124559
1,Sawah,Kementan,Banyuwangi,31,2791971.686460689,90063.6027890545,14530.979185683533
1,Sawah,Kementan,Blitar,10,259327.9669706866,25932.79669706866,22454.90960317759
1,Sawah,Kementan,Bojonegoro,25,5164362.601083304,206574.50404333216,74430.748394749
1,Sawah,Kementan,Bondowoso,11,1683409.4538653805,153037.22307867094,54834.74724546205
1,Sawah,Kementan,Gresik,3,2147411.0353468796,715803.6784489598,887096.9651921024
1,Sawah,Kementan,Jember,24,2915543.0236402545,121480.95931834394,28116.079282013263
1,Sawah,Kementan,Jombang,6,1492787.4965410559,248797.91609017598,102850.67190072342
1,Sawah,Kementan,Kediri,12,1091772.6737243405,90981.05614369504,9079.198613472156
1,Sawah,Kementan,Kota Blitar,3,503384.4229702641,167794.8076567547,21528.248531094945
1,Sawah,Kementan,Kota Madiun,1,50025.66540242568,50025.66540242568,50025.66540242568
1,Sawah,Kementan,Kota Pasuruan,1,10630.551686390481,10630.551686390481,10630.551686390481
1,Sawah,Kementan,Kota Surabaya,1,52503.98261410117,52503.98261410117,52503.98261410117
1,Sawah,Kementan,Lamongan,16,6302861.063839849,393928.81648999057,96514.36668480013
1,Sawah,Kementan,Lumajang,5,233476.69333487807,46695.338666975615,32957.16114118707
1,Sawah,Kementan,Madiun,17,2315449.255731965,136202.89739599795,54211.06465098863
1,Sawah,Kementan,Magetan,14,1897536.092625976,135538.29233042686,37715.86182681837
1,Sawah,Kementan,Malang,13,2528505.624864459,194500.43268188147,17180.65942234507
1,Sawah,Kementan,Mojokerto,3,4186250.097209106,1395416.699069702,567315.827296536
1,Sawah,Kementan,Nganjuk,22,12291031.937660426,558683.2698936557,4781.942494828265
1,Sawah,Kementan,Ngawi,27,2084915.4400818252,77219.09037340093,17772.260497864925
1,Sawah,Kementan,Pacitan,34,645327.9832154316,18980.23480045387,8744.797637349595
1,Sawah,Kementan,Pamekasan,16,204574.86200193633,12785.92887512102,7444.598401894391
1,Sawah,Kementan,Pasuruan,15,1538012.62805771,102534.17520384732,57464.62404222492
1,Sawah,Kementan,Ponorogo,66,3277848.492279258,49664.371095140275,7531.364366038719
1,Sawah,Kementan,Probolinggo,11,10391113.26709684,944646.6606451672,265276.1078390047
1,Sawah,Kementan,Sampang,26,1966034.7817339737,75616.72237438361,11192.298945971914
1,Sawah,Kementan,Sidoarjo,4,1731334.096048175,432833.5240120437,89387.06524682454
1,Sawah,Kementan,Situbondo,6,1501591.564265852,250265.26071097536,39968.002737741714
1,Sawah,Kementan,Sumenep,21,4751535.437637724,226263.59226846305,32741.11757717798
1,Sawah,Kementan,Trenggalek,12,812839.6132940105,67736.63444116754,30981.263055212694
1,Sawah,Kementan,Tuban,15,5894368.264435116,392957.8842956744,139779.24529828885
1,Sawah,Kementan,Tulungagung,11,1753052.0085237643,159368.3644112513,23706.61142784152
2,Bangunan / Permukiman,BIG,Kampung Jarang Teratur,74,1100769.8196277507,14875.267832807442,5889.159094980158
2,Bangunan / Permukiman,BIG,Kampung Jarang Tidak Teratur,68,1038049.678198031,15265.436444088691,4806.049694931615
2,Bangunan / Permukiman,BIG,Kampung Padat Teratur,100,6431518.606899708,64315.18606899708,14846.943613859497
2,Bangunan / Permukiman,BIG,Kampung Padat Tidak Teratur,87,5049777.821424125,58043.423234760055,9512.663886988064
2,Bangunan / Permukiman,BIG,Perumahan Jarang,77,2179382.206067368,28303.665013861922,12478.857663957422
2,Bangunan / Permukiman,BIG,Perumahan Padat,94,3538780.61830215,37646.6023223633,10236.217872166457
3,Mangrove,BIG,Mangrove Jarang,32,439705.629921499,13740.800935046844,3692.503365374112
3,Mangrove,BIG,Mangrove Lebat,171,9203688.708929162,53822.74098788984,1644.2653321053297
3,Mangrove,BIG,Mangrove Sedang,297,11674867.703066388,39309.31886554339,1916.090994352566
4,Lahan hijau,BIG,Alang – Alang,13,387921.0326926486,29840.079437896045,12171.844815769844
4,Lahan hijau,BIG,Hutan Belukar,127,1184988919.4698384,9330621.413148334,2488.2599959628396
4,Lahan hijau,BIG,Hutan Kota,2,70500.06205497785,35250.03102748893,35250.03102748893
4,Lahan hijau,BIG,Hutan Sejenis,60,81638473.73079829,1360641.2288466382,131164.93558224465
4,Lahan hijau,BIG,Kebun Biofarmaka/Tumbuhan Obat,1,4428.679038450385,4428.679038450385,4428.679038450385
4,Lahan hijau,BIG,Kebun Buah-buahan,4,10656239.386744954,2664059.8466862384,102183.16586930727
4,Lahan hijau,BIG,Kebun Campuran,41,2878503.7590125417,70207.40875640346,13920.079819872899
4,Lahan hijau,BIG,Kebun Sayuran,7,86803.08121548597,12400.440173640853,5054.308996156276
4,Lahan hijau,BIG,Padang Rumput,46,1778501.3669499878,38663.07319456495,7766.1248828713815
4,Lahan hijau,BIG,Perkebunan Belum Menghasilkan,53,14251593.38589317,268897.98841307865,30894.215484628487
4,Lahan hijau,BIG,Perkebunan Sudah Menghasilkan,54,18160158.19792593,336299.2258875172,26635.255198903586
4,Lahan hijau,BIG,Semak,54,1186985.3194447292,21981.20961934684,10150.639015183544
4,Lahan hijau,BIG,Tegalan/Ladang,38,3069550.680709904,80777.64949236589,16104.899029334541
5,Laut,Natural Earth,ocean,500,12499999988.550137,24999999.97710027,24999999.976952095
6,Danau,BIG,Waduk,323,23917556.67861493,74048.16309168709,3485.5455302901446
